model,n_folds,n_test_total,roc_auc_mean,average_precision_mean,accuracy_mean,brier_mean,log_loss_mean,prevalence_mean,roc_auc_std,average_precision_std,accuracy_std,brier_std,log_loss_std,prevalence_std
logreg,1,26,0.6376811594202898,0.2192982456140351,0.8076923076923077,0.17711897115013375,0.5626061729304429,0.11538461538461539,,,,,,
mlp,1,26,0.5217391304347826,0.1638888888888889,0.8846153846153846,0.13607775925767818,0.4500473297646242,0.11538461538461539,,,,,,
