season_test,model,n_train,n_test,roc_auc,average_precision,accuracy,brier,log_loss,prevalence
1,logreg,2741,26,0.6376811594202898,0.2192982456140351,0.8076923076923077,0.17711897115013375,0.5626061729304429,0.11538461538461539
1,mlp,2741,26,0.5217391304347826,0.1638888888888889,0.8846153846153846,0.13607775925767818,0.4500473297646242,0.11538461538461539
