season_test,model,fan_source_mechanism,n_train,n_test,rmse,r2
1,ridge,percent,415,6,1.1958210624711563,-3.7883257033907274
1,mlp,percent,415,6,1.0534553338741952,-2.7160670312109167
