word,predicted_difficulty,prob_Easy,prob_Medium,prob_Hard
EERIE,Medium,0.18391666666666673,0.5319047619047621,0.2841785714285715
