Target,Point_Prediction,Bootstrap_Mean,Bootstrap_Std,CI_Lower_95,CI_Upper_95
try_1,0.6264705988455987,0.5097704494452917,0.2543023620323017,0.02,0.92015
try_2,13.756861652236653,13.037599934587337,2.6409676518918412,6.331750000000001,17.14525
try_3,28.65205988455988,29.19718509425515,3.7683928235751556,18.396250000000002,33.42125
try_4,28.75414321789323,29.836335850479927,1.7955261217298348,25.614250000000002,32.76025
try_5,17.574760281385284,17.620610243769384,2.339370950782083,14.87725,23.437250000000002
try_6,8.763284451659452,8.367302831230175,3.1281518792295357,5.106000000000001,17.8855
try_x,2.5545174963924953,2.2231767275808973,2.0369066291982723,0.50925,8.026531250000003
