Model,Avg MAE,Avg R2
Ridge Regression,3.29418330733686,0.21084289359404793
Random Forest,3.155088537159064,0.2363398861584127
Gradient Boosting,3.2736767738020824,0.18327898790242964
