Model,Mean AUC,Std AUC
Logistic Regression,0.6271093823368141,0.026336826127333342
Random Forest,0.9149951727768382,0.02578468154387893
Gradient Boosting,0.9872976428749697,0.004487904142851536
